trip_id,vehicle_no,date,start_odometer,end_odometer,distance,fuel_consumed,fuel_price,fuel_cost
1,TN01AB1234,2026-08-01,10000,10250,250,20,102.50,2050
2,TN02CD5678,2026-08-02,15000,15180,180,25,94,2350
3,TN03EF9012,2026-08-03,20000,20600,600,35,102.50,3587.50
4,TN01AB1234,2026-08-10,10250,10500,250,22,102.50,2255
5,TN02CD5678,2026-08-12,15180,15400,220,30,94,28206,TN01AB1234,2026-08-01,10000.00,10250.00,250.00,20.00,102.50,2050.00
6,TN02CD5678,2026-08-02,15000.00,15180.00,180.00,25.00,94.00,2350.00
7,TN03EF9012,2026-08-03,20000.00,20600.00,600.00,35.00,102.50,3587.50
8,TN01AB1234,2026-08-10,10250.00,10500.00,250.00,22.00,102.50,2255.00
9,TN02CD5678,2026-08-12,15180.00,15400.00,220.00,30.00,94.00,2820.00
